id,name,email,salary
S7dcxMsB,Arden Center,ardencenter@hotmail.com,5000
ChDp3zjO,Arden Howe,ardenhowe@yahoo.com,6000
ybQ6Qqif,Arden Volkman,,12000
R9oiJTPc,Blythe Grisby,blythegrisby@mail.ru,10000
1dgjYaLh,Buffy Mcnaught,buffymcnaught@rambler.ru,5000
hnMwBHrX,Dion Klemp,dionklemp@rambler.ru,8000
RTgwFdBt,Erasmo Damron,erasmodamron@hotmail.com,15000
M6hUDp9r,Georgianna Stoval,georgiannastoval@ya.ru,4000
G2yd6wPy,Georgianna Wrona,georgiannawrona@yahoo.com,11000
HZEO5AmI,Joan Stoval,joanstoval@yahoo.com,10000
McX1ri4b,Lawanda Wiers,lawandawiers@yahoo.com,6000
giAqsKVC,Luz Kucera,luzkucera@gmail.com,7000
nM9j07yJ,Margarett Volkman,margarettvolkman@yandex.ru,9000
MVDW4Kww,Marquis Lupo,marquislupo@ymail.ru,6000
MKu7rBYD,Nancie Pingree,nanciepingree@ymail.ru,15000
TDMSyagD,Raleigh Ramage,raleighramage@mail.ru,15000
GeCMsCav,Randy Pecora,randypecora@ya.ru,4000
5VTVeCPT,Rubi Guillemette,rubiguillemette@gmail.com,7000
boFacKQ1,Samatha Schewe,samathaschewe@hotmail.com,8000
FDwTv9YK,Tami Damron,tamidamron@hotmail.com,5000
Ym164Lvu,Thomas Kucera,thomaskucera@mail.ru,9000
hZE10wRy,Tomi Badon,tomibadon@ymail.ru,8000
bAmj7JXn,Yuri Catt,yuricatt@yahoo.com,11000
lXbg5U96,Yuri Geddes,yurigeddes@mail.ru,13000
